updated_at,probe_definition_id,deleted_at,copied_at,id,note,position,intervention_definition_id,copied_from,created_at
Wed Aug 05 09:22:00 -0500 2009,777239304,,,1054583438,,2,1008847720,,Wed Aug 05 09:22:00 -0500 2009
Wed Aug 05 09:22:00 -0500 2009,777239305,,,1054583439,,2,1008847720,,Wed Aug 05 09:22:00 -0500 2009
Wed Aug 05 09:22:00 -0500 2009,777239304,,,1054583440,,2,1008847719,,Wed Aug 05 09:22:00 -0500 2009
Wed Aug 05 09:22:00 -0500 2009,777239305,,,1054583441,,2,1008847719,,Wed Aug 05 09:22:00 -0500 2009
Wed Aug 05 09:22:00 -0500 2009,777239304,,,1054583442,,2,1008847730,,Wed Aug 05 09:22:00 -0500 2009
Wed Aug 05 09:22:00 -0500 2009,777239305,,,1054583443,,2,1008847730,,Wed Aug 05 09:22:00 -0500 2009
Wed Aug 05 09:22:00 -0500 2009,777239304,,,1054583444,,2,1008847722,,Wed Aug 05 09:22:00 -0500 2009
Wed Aug 05 09:22:00 -0500 2009,777239305,,,1054583445,,2,1008847722,,Wed Aug 05 09:22:00 -0500 2009
Wed Aug 05 09:22:00 -0500 2009,777239304,,,1054583446,,2,1008847718,,Wed Aug 05 09:22:00 -0500 2009
Wed Aug 05 09:22:00 -0500 2009,777239305,,,1054583447,,2,1008847718,,Wed Aug 05 09:22:00 -0500 2009
Wed Aug 05 09:22:00 -0500 2009,777239373,,,1054583451,,2,1008847715,,Wed Aug 05 09:22:00 -0500 2009
Wed Aug 05 09:22:00 -0500 2009,777239374,,,1054583463,,1,1008847706,,Wed Aug 05 09:22:00 -0500 2009
Wed Aug 05 09:22:00 -0500 2009,777239376,,,1054583465,,1,1008847707,,Wed Aug 05 09:22:00 -0500 2009
Wed Aug 05 09:22:00 -0500 2009,777239336,,,1054583475,,1,1008847701,,Wed Aug 05 09:22:00 -0500 2009
Wed Aug 05 09:22:00 -0500 2009,777239380,,,1054583485,,1,1008847652,,Wed Aug 05 09:22:00 -0500 2009
Wed Aug 05 09:22:00 -0500 2009,777239380,,,1054583486,,1,1008847654,,Wed Aug 05 09:22:00 -0500 2009
Wed Aug 05 09:22:00 -0500 2009,777239380,,,1054583490,,1,1008847661,,Wed Aug 05 09:22:00 -0500 2009
Wed Aug 05 09:22:00 -0500 2009,777239380,,,1054583498,,1,1008847673,,Wed Aug 05 09:22:00 -0500 2009
Wed Aug 05 09:22:00 -0500 2009,777239380,,,1054583499,,1,1008847674,,Wed Aug 05 09:22:00 -0500 2009
Wed Aug 05 09:22:00 -0500 2009,777239380,,,1054583502,,1,1008847677,,Wed Aug 05 09:22:00 -0500 2009
Wed Aug 05 09:22:00 -0500 2009,777239380,,,1054583508,,1,1008847686,,Wed Aug 05 09:22:00 -0500 2009
Wed Aug 05 09:22:00 -0500 2009,777239386,,,1054583517,,1,1008847638,,Wed Aug 05 09:22:00 -0500 2009
Wed Aug 05 09:22:00 -0500 2009,777239386,,,1054583518,,1,1008847636,,Wed Aug 05 09:22:00 -0500 2009
Wed Aug 05 09:22:00 -0500 2009,777239386,,,1054583520,,1,1008847633,,Wed Aug 05 09:22:00 -0500 2009
Wed Aug 05 09:22:00 -0500 2009,777239385,,,1054583522,,1,1008847615,,Wed Aug 05 09:22:00 -0500 2009
Wed Aug 05 09:22:00 -0500 2009,777239386,,,1054583523,,2,1008847615,,Wed Aug 05 09:22:00 -0500 2009
Wed Aug 05 09:22:00 -0500 2009,777239385,,,1054583524,,1,1008847616,,Wed Aug 05 09:22:00 -0500 2009
Wed Aug 05 09:22:00 -0500 2009,777239386,,,1054583525,,2,1008847616,,Wed Aug 05 09:22:00 -0500 2009
Wed Aug 05 09:22:00 -0500 2009,777239385,,,1054583528,,1,1008847634,,Wed Aug 05 09:22:00 -0500 2009
Wed Aug 05 09:22:00 -0500 2009,777239386,,,1054583529,,2,1008847634,,Wed Aug 05 09:22:00 -0500 2009
Wed Aug 05 09:22:00 -0500 2009,777239385,,,1054583530,,1,1008847635,,Wed Aug 05 09:22:00 -0500 2009
Wed Aug 05 09:22:00 -0500 2009,777239386,,,1054583531,,2,1008847635,,Wed Aug 05 09:22:00 -0500 2009
Wed Aug 05 09:22:00 -0500 2009,777239385,,,1054583532,,1,1008847650,,Wed Aug 05 09:22:00 -0500 2009
Wed Aug 05 09:22:00 -0500 2009,777239386,,,1054583533,,2,1008847650,,Wed Aug 05 09:22:00 -0500 2009
Wed Aug 05 09:22:00 -0500 2009,777239385,,,1054583542,,1,1008847623,,Wed Aug 05 09:22:00 -0500 2009
Wed Aug 05 09:22:00 -0500 2009,777239386,,,1054583543,,2,1008847623,,Wed Aug 05 09:22:00 -0500 2009
Wed Aug 05 09:22:00 -0500 2009,777239385,,,1054583544,,1,1008847624,,Wed Aug 05 09:22:00 -0500 2009
Wed Aug 05 09:22:00 -0500 2009,777239386,,,1054583545,,2,1008847624,,Wed Aug 05 09:22:00 -0500 2009
Wed Aug 05 09:22:00 -0500 2009,777239385,,,1054583556,,1,1008847627,,Wed Aug 05 09:22:00 -0500 2009
Wed Aug 05 09:22:00 -0500 2009,777239386,,,1054583557,,2,1008847627,,Wed Aug 05 09:22:00 -0500 2009
Wed Aug 05 09:22:01 -0500 2009,777239385,,,1054583560,,1,1008847642,,Wed Aug 05 09:22:01 -0500 2009
Wed Aug 05 09:22:01 -0500 2009,777239386,,,1054583561,,2,1008847642,,Wed Aug 05 09:22:01 -0500 2009
Wed Aug 05 09:22:01 -0500 2009,777239398,,,1054583581,,1,1008847746,,Wed Aug 05 09:22:01 -0500 2009
Wed Aug 05 09:22:01 -0500 2009,777239403,,,1054583584,,1,1008847748,,Wed Aug 05 09:22:01 -0500 2009
Wed Aug 05 09:22:01 -0500 2009,777239398,,,1054583585,,2,1008847748,,Wed Aug 05 09:22:01 -0500 2009
Wed Aug 05 09:22:01 -0500 2009,777239415,,,1054583631,,1,1008847792,,Wed Aug 05 09:22:01 -0500 2009
Wed Aug 05 09:22:01 -0500 2009,777239421,,,1054583639,,1,1008847784,,Wed Aug 05 09:22:01 -0500 2009
Wed Aug 05 09:22:01 -0500 2009,777239422,,,1054583640,,2,1008847784,,Wed Aug 05 09:22:01 -0500 2009
Wed Aug 05 09:22:01 -0500 2009,777239421,,,1054583642,,1,1008847786,,Wed Aug 05 09:22:01 -0500 2009
Wed Aug 05 09:22:01 -0500 2009,777239422,,,1054583643,,2,1008847786,,Wed Aug 05 09:22:01 -0500 2009
Wed Aug 05 09:22:01 -0500 2009,777239424,,,1054583649,,1,1008847756,,Wed Aug 05 09:22:01 -0500 2009
Wed Aug 05 09:22:01 -0500 2009,777239423,,,1054583652,,1,1008847759,,Wed Aug 05 09:22:01 -0500 2009
Wed Aug 05 09:22:01 -0500 2009,777239425,,,1054583661,,1,1008847805,,Wed Aug 05 09:22:01 -0500 2009
Wed Aug 05 09:22:01 -0500 2009,777239425,,,1054583665,,1,1008847809,,Wed Aug 05 09:22:01 -0500 2009
Wed Aug 05 09:22:01 -0500 2009,777239427,,,1054583670,,1,1008847753,,Wed Aug 05 09:22:01 -0500 2009
Wed Aug 05 09:22:01 -0500 2009,777239427,,,1054583671,,1,1008847754,,Wed Aug 05 09:22:01 -0500 2009
Wed Aug 05 09:22:01 -0500 2009,777239329,,,1054583675,,1,1008847800,,Wed Aug 05 09:22:01 -0500 2009
Wed Aug 05 09:22:01 -0500 2009,777239327,,,1054583676,,2,1008847800,,Wed Aug 05 09:22:01 -0500 2009
Wed Aug 05 09:22:01 -0500 2009,777239326,,,1054583677,,4,1008847800,,Wed Aug 05 09:22:01 -0500 2009
Wed Aug 05 09:22:01 -0500 2009,777239330,,,1054583678,,5,1008847800,,Wed Aug 05 09:22:01 -0500 2009
Wed Aug 05 09:22:01 -0500 2009,777239331,,,1054583679,,6,1008847800,,Wed Aug 05 09:22:01 -0500 2009
Wed Aug 05 09:22:01 -0500 2009,777239328,,,1054583680,,7,1008847800,,Wed Aug 05 09:22:01 -0500 2009
Wed Aug 05 09:22:01 -0500 2009,777239329,,,1054583681,,1,1008847802,,Wed Aug 05 09:22:01 -0500 2009
Wed Aug 05 09:22:01 -0500 2009,777239327,,,1054583682,,2,1008847802,,Wed Aug 05 09:22:01 -0500 2009
Wed Aug 05 09:22:01 -0500 2009,777239326,,,1054583683,,4,1008847802,,Wed Aug 05 09:22:01 -0500 2009
Wed Aug 05 09:22:01 -0500 2009,777239330,,,1054583684,,5,1008847802,,Wed Aug 05 09:22:01 -0500 2009
Wed Aug 05 09:22:01 -0500 2009,777239331,,,1054583685,,6,1008847802,,Wed Aug 05 09:22:01 -0500 2009
Wed Aug 05 09:22:01 -0500 2009,777239328,,,1054583686,,7,1008847802,,Wed Aug 05 09:22:01 -0500 2009
Wed Aug 05 09:22:01 -0500 2009,777239436,,,1054583714,,1,1008847817,,Wed Aug 05 09:22:01 -0500 2009
Wed Aug 05 09:22:01 -0500 2009,777239435,,,1054583722,,1,1008847813,,Wed Aug 05 09:22:01 -0500 2009
Wed Aug 05 09:22:01 -0500 2009,777239442,,,1054583725,,1,1008847815,,Wed Aug 05 09:22:01 -0500 2009
Wed Aug 05 09:22:01 -0500 2009,777239443,,,1054583726,,1,1008847816,,Wed Aug 05 09:22:01 -0500 2009
Wed Aug 05 09:22:01 -0500 2009,777239466,,,1054583751,,1,1008847660,,Wed Aug 05 09:22:01 -0500 2009
Wed Aug 05 09:22:01 -0500 2009,777239477,,,1054583756,,2,1008847660,,Wed Aug 05 09:22:01 -0500 2009
Wed Aug 05 09:22:01 -0500 2009,777239481,,,1054583759,,1,1008847712,,Wed Aug 05 09:22:01 -0500 2009
Wed Aug 05 09:22:01 -0500 2009,777239482,,,1054583760,,2,1008847712,,Wed Aug 05 09:22:01 -0500 2009
Wed Aug 05 09:22:01 -0500 2009,777239481,,,1054583761,,1,1008848049,,Wed Aug 05 09:22:01 -0500 2009
Wed Aug 05 09:22:01 -0500 2009,777239482,,,1054583762,,2,1008848049,,Wed Aug 05 09:22:01 -0500 2009
Wed Aug 05 09:22:01 -0500 2009,777239481,,,1054583763,,1,1008848050,,Wed Aug 05 09:22:01 -0500 2009
Wed Aug 05 09:22:01 -0500 2009,777239482,,,1054583764,,2,1008848050,,Wed Aug 05 09:22:01 -0500 2009
Wed Aug 05 09:22:01 -0500 2009,777239481,,,1054583765,,1,1008848051,,Wed Aug 05 09:22:01 -0500 2009
Wed Aug 05 09:22:01 -0500 2009,777239482,,,1054583766,,2,1008848051,,Wed Aug 05 09:22:01 -0500 2009
Wed Aug 05 09:22:01 -0500 2009,777239481,,,1054583767,,1,1008847713,,Wed Aug 05 09:22:01 -0500 2009
Wed Aug 05 09:22:01 -0500 2009,777239482,,,1054583768,,2,1008847713,,Wed Aug 05 09:22:01 -0500 2009
Wed Aug 05 09:22:01 -0500 2009,777239481,,,1054583769,,1,1008847714,,Wed Aug 05 09:22:01 -0500 2009
Wed Aug 05 09:22:01 -0500 2009,777239482,,,1054583770,,2,1008847714,,Wed Aug 05 09:22:01 -0500 2009
Wed Aug 05 09:22:01 -0500 2009,777239304,,,1054583772,,3,1008847715,,Wed Aug 05 09:22:01 -0500 2009
Wed Aug 05 09:22:01 -0500 2009,777239305,,,1054583773,,4,1008847715,,Wed Aug 05 09:22:01 -0500 2009
Wed Aug 05 09:22:01 -0500 2009,777239484,,,1054583777,,1,1008847768,,Wed Aug 05 09:22:01 -0500 2009
Wed Aug 05 09:22:01 -0500 2009,777239484,,,1054583779,,1,1008847770,,Wed Aug 05 09:22:01 -0500 2009
Wed Aug 05 09:22:01 -0500 2009,777239488,,,1054583797,,3,1008847800,,Wed Aug 05 09:22:01 -0500 2009
Wed Aug 05 09:22:01 -0500 2009,777239488,,,1054583798,,3,1008847802,,Wed Aug 05 09:22:01 -0500 2009
Wed Aug 05 09:22:01 -0500 2009,777239493,,,1054583806,,3,1008848050,,Wed Aug 05 09:22:01 -0500 2009
Wed Aug 05 09:22:01 -0500 2009,777239495,,,1054583808,,4,1008848050,,Wed Aug 05 09:22:01 -0500 2009
Wed Aug 05 09:22:01 -0500 2009,777239501,,,1054583814,,3,1008848049,,Wed Aug 05 09:22:01 -0500 2009
Wed Aug 05 09:22:01 -0500 2009,777239502,,,1054583815,,3,1008848051,,Wed Aug 05 09:22:01 -0500 2009
Wed Aug 05 09:22:01 -0500 2009,777239503,,,1054583816,,3,1008847714,,Wed Aug 05 09:22:01 -0500 2009
Wed Aug 05 09:22:01 -0500 2009,777239506,,,1054583819,,2,1008847673,,Wed Aug 05 09:22:01 -0500 2009
Wed Aug 05 09:22:01 -0500 2009,777239510,,,1054583823,,5,1008848050,,Wed Aug 05 09:22:01 -0500 2009
